<?xml version="1.0" encoding="UTF-8" ?>
<!DOCTYPE struts PUBLIC
        "-//Apache Software Foundation//DTD Struts Configuration 2.0//EN"
        "http://struts.apache.org/dtds/struts-2.0.dtd">

<struts>
	<constant name="struts.objectFactory" value="spring" />
	<constant name="struts.objectFactory.spring.autoWire" value="type" />
	<constant name="struts.convention.result.path" value="/WEB-INF/jsp/" />
	<constant name="struts.devMode" value="true" />
	<constant name="struts.action.extension" value="action," />
	<constant name="struts.custom.i18n.resources" value="test" />
	<constant name="struts.convention.default.parent.package"
		value="default" />
	<package name="default" namespace="/" extends="struts-default">

		<action name="">
			<result>login.jsp</result>
		</action>

		<action name="index">
			<result>login.jsp</result>
		</action>

	</package>

	<package name="login" namespace="/" extends="struts-default">
		<interceptors>
			<interceptor name="customInterceptor"
				class="com.att.ads.interceptors.AuthenticationInterceptor" />
			<interceptor-stack name="customStack">
				<interceptor-ref name="customInterceptor" />
				<interceptor-ref name="defaultStack" />
			</interceptor-stack>
		</interceptors>

		<default-interceptor-ref name="customStack"></default-interceptor-ref>

		<global-results>
			<result name="login" type="redirectAction">
				<param name="actionName">index</param>
				<param name="namespace">/</param>
			</result>
			<!--<result name="login">/login.jsp</result> -->
		</global-results>

		<action name="">
			<result>login.jsp</result>
		</action>

	</package>


</struts> 